Website,Technographic Data
1121,Error: RequestException - Invalid URL '1121': No scheme supplied. Perhaps you meant https://1121?
1134,Error: RequestException - Invalid URL '1134': No scheme supplied. Perhaps you meant https://1134?
1159,Error: RequestException - Invalid URL '1159': No scheme supplied. Perhaps you meant https://1159?
1180,Error: RequestException - Invalid URL '1180': No scheme supplied. Perhaps you meant https://1180?
1201,Error: RequestException - Invalid URL '1201': No scheme supplied. Perhaps you meant https://1201?
1237,Error: RequestException - Invalid URL '1237': No scheme supplied. Perhaps you meant https://1237?
1318,Error: RequestException - Invalid URL '1318': No scheme supplied. Perhaps you meant https://1318?
1375,Error: RequestException - Invalid URL '1375': No scheme supplied. Perhaps you meant https://1375?
1388,Error: RequestException - Invalid URL '1388': No scheme supplied. Perhaps you meant https://1388?
1456,Error: RequestException - Invalid URL '1456': No scheme supplied. Perhaps you meant https://1456?
1582,Error: RequestException - Invalid URL '1582': No scheme supplied. Perhaps you meant https://1582?
1679,Error: RequestException - Invalid URL '1679': No scheme supplied. Perhaps you meant https://1679?
1827,Error: RequestException - Invalid URL '1827': No scheme supplied. Perhaps you meant https://1827?
1993,Error: RequestException - Invalid URL '1993': No scheme supplied. Perhaps you meant https://1993?
2196,Error: RequestException - Invalid URL '2196': No scheme supplied. Perhaps you meant https://2196?
